,pro_bowls,pro_bowls_numeric,multiple_pro_bowls
pro_bowls,1.0,1.0,0.6389102979209322
pro_bowls_numeric,1.0,1.0,0.6389102979209322
multiple_pro_bowls,0.6389102979209322,0.6389102979209322,1.0
